{"count":1,"gauges":{"PenguinLearning.CumulativeReward":{"count":17,"max":11.685957,"min":9.461082,"value":9.461082,"weightedAverage":10.9987516}},"self":60.9129472,"total":65.67179449999999,"children":{"AgentSendState":{"count":3265,"self":0.3155569,"total":0.523479,"children":{"CollectObservations":{"count":13038,"self":0.14901109999999998,"total":0.14901109999999998,"children":null},"CollectDiscreteActionMasks":{"count":13038,"self":0.058911,"total":0.058911,"children":null}}},"DecideAction":{"count":3265,"self":3.2981803999999997,"total":3.9022997,"children":{"RayPerceptionSensor.Perceive":{"count":13038,"self":0.6041193,"total":0.6041193,"children":null}}},"AgentAct":{"count":3265,"self":0.3320692,"total":0.3320692,"children":null}}}