{"count":1,"gauges":{"PushBlock.CumulativeReward":{"count":765,"max":4.9952,"min":4.758197,"value":4.9932,"weightedAverage":4.98061228}},"self":69.1741696,"total":75.353015,"children":{"AgentSendState":{"count":3742,"self":0.632626,"total":0.9674337,"children":{"CollectObservations":{"count":23968,"self":0.179951,"total":0.179951,"children":null},"CollectDiscreteActionMasks":{"count":23968,"self":0.15485669999999999,"total":0.15485669999999999,"children":null}}},"DecideAction":{"count":3742,"self":3.329758,"total":4.8345953,"children":{"RayPerceptionSensor.Perceive":{"count":47936,"self":1.5048371999999999,"total":1.5048371999999999,"children":null}}},"AgentAct":{"count":3742,"self":0.3748148,"total":0.3748148,"children":null}}}